Designator,Mid X,Mid Y,Rotation,Layer
J501,16.3279,8.0902,0,BottomLayer
X401,22.2184,31.8008,0,BottomLayer
U401,21.7424,26.9494,90,BottomLayer
R403,17.907,28.829,180,BottomLayer
R402,23.1488,22.687,270,BottomLayer
R401,26.67,22.687,270,BottomLayer
L403,27.3746,28.0924,0,BottomLayer
L402,25.5204,27.4338,270,BottomLayer
L401,27.3746,26.9494,0,BottomLayer
C410,19.4674,32.1164,270,BottomLayer
C409,24.9694,31.4852,90,BottomLayer
C408,26.589,29.8468,270,BottomLayer
C407,27.859,29.8468,270,BottomLayer
C406,29.9484,32.4391,180,BottomLayer
C405,29.4641,29.9227,90,BottomLayer
C404,20.8534,22.687,90,BottomLayer
C403,24.3012,22.687,90,BottomLayer
C402,25.4536,22.687,90,BottomLayer
C203,6.858,11.303,270,BottomLayer
R308,5.4455,31.496,180,BottomLayer
R304,5.4455,30.226,180,BottomLayer
Q301,2.2331,31.072,270,BottomLayer
LS301,2.2331,35.474,270,BottomLayer
R311,29.21,18.542,90,BottomLayer
R310,31.496,18.542,270,BottomLayer
R307,27.0661,14.8003,90,BottomLayer
R303,28.2091,14.8003,270,BottomLayer
Q303,24.765,15.3158,90,BottomLayer
Q302,30.541,15.3158,90,BottomLayer
C319,30.353,18.542,90,BottomLayer
R306,24.003,10.8905,90,BottomLayer
R305,25.146,10.8905,90,BottomLayer
R302,11.6017,18.8308,90,BottomLayer
R301,5.4455,26.5109,180,BottomLayer
C313,5.4455,25.274,0,BottomLayer
C312,5.4455,28.9906,0,BottomLayer
C311,5.4455,27.7508,0,BottomLayer
C310,13.8471,31.4004,270,BottomLayer
C309,16.4151,31.4004,270,BottomLayer
C308,15.1451,31.4004,270,BottomLayer
C307,8.1064,18.8308,90,BottomLayer
C306,18.1897,21.6647,180,BottomLayer
X302,25.8826,1.524,0,BottomLayer
X301,2.178,24.0217,270,BottomLayer
U302,25.2249,5.9741,180,BottomLayer
U301,12.097,24.7965,90,BottomLayer
U201,3.81,6.0959,0,BottomLayer
R504,14.605,2.711,90,BottomLayer
R503,15.748,2.711,270,BottomLayer
R502,20.0777,2.711,90,BottomLayer
R501,21.2254,2.711,90,BottomLayer
R309,28.467,10.8905,90,BottomLayer
Q501,17.907,2.286,90,BottomLayer
D301,31.293,11.3029,90,BottomLayer
C503,12.319,2.6906,90,BottomLayer
C502,11.1506,2.7109,90,BottomLayer
C501,13.462,2.6906,90,BottomLayer
C401,21.9964,22.687,90,BottomLayer
C305,9.3462,18.8308,90,BottomLayer
C304,5.4455,23.2855,0,BottomLayer
C303,5.4455,22.0457,0,BottomLayer
C318,27.3429,10.8905,270,BottomLayer
C317,26.1999,10.8905,270,BottomLayer
C315,22.9006,1.5004,270,BottomLayer
C314,28.8646,1.5004,270,BottomLayer
C302,1.8124,21.2707,180,BottomLayer
C301,2.5436,26.7728,0,BottomLayer
C204,7.454,4.3927,180,BottomLayer
C202,5.969,1.905,0,BottomLayer
C201,4.699,11.9066,90,BottomLayer
